{"cameraMode":{"drawMode":0,"name":"Shaded","section":"Shading Mode"},"sceneLighting":false,"audioPlay":false,"sceneViewState":{"showFog":true,"showMaterialUpdate":false,"showSkybox":true,"showFlares":true,"showImageEffects":true,"showParticleSystems":true},"in2DMode":false,"pivot":{"x":0.3704800605773926,"y":-0.050984930247068408,"z":-1.3865420818328858},"rotation":{"x":-0.0013769057113677264,"y":-0.9929899573326111,"z":0.11761811375617981,"w":-0.011621533893048764},"size":10.36561107635498,"orthographic":false}